{"cameraMode":{"drawMode":0,"name":"Shaded","section":"Shading Mode"},"sceneLighting":false,"audioPlay":false,"sceneViewState":{"m_AlwaysRefresh":false,"showFog":true,"showSkybox":false,"showFlares":true,"showImageEffects":true,"showParticleSystems":true,"showVisualEffectGraphs":true,"m_FxEnabled":false},"in2DMode":false,"pivot":{"x":1.478387713432312,"y":-1.6035919189453126,"z":8.61750602722168},"rotation":{"x":-0.14993590116500855,"y":-0.33223745226860049,"z":0.053576186299324039,"w":-0.9296802878379822},"size":0.33862245082855227,"orthographic":false}