{"cameraMode":{"drawMode":0,"name":"Shaded","section":"Shading Mode"},"sceneLighting":false,"audioPlay":false,"sceneViewState":{"m_AlwaysRefresh":false,"showFog":false,"showSkybox":false,"showFlares":false,"showImageEffects":false,"showParticleSystems":false,"showVisualEffectGraphs":true,"m_FxEnabled":true},"in2DMode":false,"pivot":{"x":-0.000026226043701171875,"y":0.8588188290596008,"z":-0.03688986599445343},"rotation":{"x":-0.31075695157051089,"y":-0.4421113133430481,"z":0.16656212508678437,"w":-0.8248145580291748},"size":1.4196655750274659,"orthographic":false}