{"cameraMode":{"drawMode":0,"name":"Shaded","section":"Shading Mode"},"sceneLighting":false,"audioPlay":false,"sceneViewState":{"m_AlwaysRefresh":false,"showFog":true,"showSkybox":false,"showFlares":true,"showImageEffects":true,"showParticleSystems":true,"showVisualEffectGraphs":true,"m_FxEnabled":false},"in2DMode":false,"pivot":{"x":-2.4524357318878176,"y":-2.1843621730804445,"z":11.58652400970459},"rotation":{"x":-0.02118614688515663,"y":0.42427200078964236,"z":-0.009926389902830124,"w":-0.9052520990371704},"size":0.423823744058609,"orthographic":false}